state,any_security_shock,armed_robbery,community_violence,violence_women_children,armed_conflict,terrorism,herders_farmers,kidnapping,banditry
ABIA,3.425939408233294,1.9512496644229782,0.1071029290584644,0.09000499995957108,0.0,0.30557739635634434,0.43319361901945364,0.7188207993356244,0.0
ADAMAWA,53.04398161772055,18.214019006100546,1.3879842935195432,0.29248750403213414,0.10174462466596694,31.47101216435973,16.745059814569906,7.644376254207183,4.819869749256827
AKWA IBOM,11.88014426779651,4.003786237474048,6.155878289408937,0.2446731241458482,0.5474842733215375,0.1928811395059253,0.6034250473235631,0.3936850476323605,0.5116247777987676
ANAMBRA,20.713212087797604,9.948962382418927,3.5983609319233523,0.8317339596673382,0.4244849228647355,6.321952243563987,6.456748807675132,2.3663034337378637,1.067462203713314
BAUCHI,8.945468001151369,3.509535261136213,0.847031246271476,0.10357672669286253,0.0,0.5739875778021072,2.898989176727223,2.7548854434931496,0.7488903949712087
BAYELSA,23.103957572201043,14.554463504117152,6.676701535217713,0.5835735996902612,0.15584147831975786,1.290273013104135,1.788238933741682,2.396071987939022,0.5409179016585254
BENUE,35.75826517951056,3.7013852487625667,5.014685689284011,0.8324454460971367,0.328340828293705,4.831184987627972,22.74463972241022,10.225059184131222,10.527336503460152
BORNO,35.05798534418963,3.1539504432504333,0.8192450129932161,0.05026045355272077,0.3093674671929147,30.888107114491724,1.293216675535475,2.407116087106441,2.1215015708285283
CROSS RIVER,10.209465929886852,4.618086568322887,4.351049169101239,0.1419318829520468,0.32791953561863973,0.3215590543145255,1.2919518749052767,0.31761769440054566,0.0
DELTA,7.645705517486571,3.5896101815897357,1.0159110382750913,0.24693758472526126,0.0,0.3609280334886382,1.6443925965308173,1.7542312160142584,0.22139869103339474
EBONYI,7.081127091646601,1.3246867731679088,3.316457745417684,0.18708720426176415,1.161193139707289,1.2604043667568046,1.482340251011198,0.3924897603939073,0.5880338762920523
EDO,25.452553652060473,10.616708051707342,2.3361738142684856,0.8174486191577485,1.4259656863347248,4.713032575764596,3.5502196739299197,9.408849234338199,5.072256256830955
EKITI,13.310291754947109,6.106732687343229,0.4862664139689761,0.0,0.0,2.8979768922485274,5.0042013265989285,7.249877440648748,3.068563603822863
ENUGU,24.839948975670765,11.485547078801863,0.2321384662999847,0.20142771482017752,0.0,0.09628261553822626,14.102533622621172,0.056916474572593946,0.07583183500473563
GOMBE,28.066474364508558,6.0431495074415125,2.2855919384789205,0.3617558783771302,0.0,11.041458099775111,12.80398327511055,4.853897934937558,9.355515199057075
IMO,7.427388267146835,0.4889892387173789,0.19530087494379061,0.26265918097299534,0.05181962459874548,0.32534760380860833,4.351213463584081,3.9646953293494933,0.37904509618285687
JIGAWA,33.762306456182934,15.744135749265514,0.7157996185258877,0.5185879109742634,0.042443593137291846,2.413382051286781,12.580043190918822,4.225935406008134,1.3607975119508853
KADUNA,44.95360668296965,17.265859527966605,0.3252420240980687,0.1550888727411193,0.0,3.5840731261438177,15.865451726135266,24.38128599598741,21.09395737452527
KANO,7.230636532327534,3.325953514908157,0.9396546508209761,0.3673293121460593,0.0,1.1010926236397762,0.59051824393918,1.1313666405516176,2.186416558412977
KATSINA,19.601753703900552,4.180263661805547,0.47781031323858364,0.41261009916151437,0.08426977879589838,2.7091474761838454,10.01125611359691,4.875812602911237,12.919064694719626
KEBBI,28.689227901135183,7.932568240455802,0.2270136050347631,0.13020951880105308,0.03931597791428569,3.6339530479349467,11.153373500633647,5.76846081505839,8.345585416946436
KOGI,37.3064765010757,4.2256883504932246,1.8162773056576516,0.1648223410036968,0.19688016456208848,1.31117532159641,25.475475033073735,19.545204814800144,3.5549042691968973
KWARA,43.567613747871576,14.393343724346158,0.34326652729859464,0.05648142556365929,0.16206093751615086,2.0911928356903644,35.71007046322674,25.3608522375115,12.156152122603492
LAGOS,9.993943021407627,7.128250140196414,2.8316539302249737,0.3538417216812823,0.2386867874494728,0.15111140139080825,0.15083043333956345,0.3088567348960215,0.0
NASARAWA,48.578926323332254,24.990591641403974,6.874349729341524,0.48128648280607067,0.5530596284386914,2.833024362013785,20.216657482624655,9.329258550532145,4.233432277865061
NIGER,37.89831501248588,5.588924504907379,0.9724703921541271,0.0,0.12265496514844697,0.9107567572240353,20.361723001277365,26.794909996280335,27.031890610791343
OGUN,36.17958716755709,7.824997562710245,1.1935849499146323,0.25889266199764616,0.0843354643504453,0.513474989378116,26.868229593298537,7.301345388928655,0.7578034142556079
ONDO,9.833282354932086,3.0025913675699263,0.4527441094944473,0.04422545216977179,0.21894076874741708,0.33993757050659534,4.112463207956705,5.25188038896734,0.6608233830940358
OSUN,17.997527448507654,6.9838131460208634,0.9963684455560028,0.6014025702142645,0.2939892440749783,5.839377318026588,4.943387419722638,6.734736231705897,1.2195038120205424
OYO,28.449766481944756,13.035617456511787,7.106999606237707,0.13185881267923022,1.3167660064913889,2.374484913449338,12.815556752364568,6.231871746624317,3.1277967709897476
PLATEAU,39.220276970661615,10.251218431056447,7.662331621503875,1.212107207775593,0.5736047656368295,3.718600921185194,19.091855899938253,3.4832963476283036,5.386108086443769
RIVERS,23.86318221882685,8.009403061505934,6.568037063313032,0.17078767689873414,10.161910659285711,0.49379042799159356,0.1709753499655584,0.4264729073181309,0.48119968160690574
SOKOTO,35.78046532377031,11.323071883399813,0.4893287146258324,0.45274391347022264,0.18412739643840434,5.4340623799437715,11.751230860680007,25.144889549543393,23.322653796105183
TARABA,31.354936153423363,14.286197045933866,8.260055043957609,0.19658808880046505,0.2055848230990412,7.232141422849947,5.97045903344227,9.967394555319112,6.826922260331022
YOBE,41.22373082255753,7.527029692426096,1.8591632655614798,0.12272483034144767,0.13850820795722532,25.084465212834917,12.25647685319129,4.231227981456361,7.690787022270872
ZAMFARA,67.84701964259328,17.91062797043444,0.0,0.0,0.23101541953972066,19.770964774084053,20.617312555704416,47.20446290629837,60.280270495164736
FCT ABUJA,24.395552421641522,11.514104045889052,1.0017614841099374,0.08540284036719896,0.39041844410499327,4.324415473456002,5.646737028866439,8.932180306085053,4.179674228283535
